"theater","date","not_guilty","guilty"
"Badisches Staatstheater Karlsruhe",2016-09-29,153,170
"Badisches Staatstheater Karlsruhe",2016-10-02,146,146
"Badisches Staatstheater Karlsruhe",2016-10-05,174,134
"Badisches Staatstheater Karlsruhe",2016-10-16,148,151
"Badisches Staatstheater Karlsruhe",2016-10-28,139,156
"Badisches Staatstheater Karlsruhe",2016-11-04,122,154
"Badisches Staatstheater Karlsruhe",2016-11-12,155,173
"Badisches Staatstheater Karlsruhe",2016-11-18,180,125
"Badisches Staatstheater Karlsruhe",2016-11-19,50,53
"Badisches Staatstheater Karlsruhe",2016-12-01,180,121
"Badisches Staatstheater Karlsruhe",2016-12-08,176,129
"Badisches Staatstheater Karlsruhe",2016-12-23,182,116
"Badisches Staatstheater Karlsruhe",2016-12-30,155,176
"Badisches Staatstheater Karlsruhe",2017-01-07,170,139
"Badisches Staatstheater Karlsruhe",2017-01-15,186,122
"Badisches Staatstheater Karlsruhe",2017-01-18,151,141
"Badisches Staatstheater Karlsruhe",2017-01-26,150,127
"Badisches Staatstheater Karlsruhe",2017-02-02,208,89
"Badisches Staatstheater Karlsruhe",2017-02-16,171,93
"Badisches Staatstheater Karlsruhe",2017-03-10,162,120
"Badisches Staatstheater Karlsruhe",2017-03-12,161,99
"Badisches Staatstheater Karlsruhe",2017-03-25,170,154
"Badisches Staatstheater Karlsruhe",2017-04-30,138,128
"Badisches Staatstheater Karlsruhe",2017-05-09,174,63
"Badisches Staatstheater Karlsruhe",2017-05-10,114,64
"Badisches Staatstheater Karlsruhe",2017-05-16,212,89
"Badisches Staatstheater Karlsruhe",2017-06-09,152,106
"Badisches Staatstheater Karlsruhe",2017-06-18,137,106
"Badisches Staatstheater Karlsruhe",2017-07-02,91,37
"Badisches Staatstheater Karlsruhe",2017-07-16,88,88
"Badisches Staatstheater Karlsruhe",2017-09-24,66,49
"Badisches Staatstheater Karlsruhe",2017-10-14,84,64
"Beijing National Centre for Performing Arts (NCPA)",2017-06-21,126,128
"Beijing National Centre for Performing Arts (NCPA)",2017-06-22,74,88
"Beijing National Centre for Performing Arts (NCPA)",2017-06-24,94,106
"Beijing National Centre for Performing Arts (NCPA)",2017-06-25,139,133
"Beijing National Centre for Performing Arts (NCPA)",2017-06-26,132,131
"BerlinerZentralTheater",2017-05-20,14,28
"BerlinerZentralTheater",2017-05-21,24,17
"BerlinerZentralTheater",2017-06-24,21,22
"BerlinerZentralTheater",2017-06-25,18,17
"BerlinerZentralTheater",2017-07-01,24,18
"BerlinerZentralTheater",2017-07-02,15,23
"BerlinerZentralTheater",2017-07-02,21,15
"Bremer Kriminaltheater",2016-05-17,47,43
"Bremer Kriminaltheater",2016-05-18,24,36
"Bremer Kriminaltheater",2016-05-19,139,139
"Bremer Kriminaltheater",2016-05-22,66,64
"Bremer Kriminaltheater",2016-06-14,44,27
"Bremer Kriminaltheater",2016-06-15,41,40
"Bremer Kriminaltheater",2016-06-17,73,42
"Bremer Kriminaltheater",2016-06-18,57,50
"Bremer Kriminaltheater",2016-06-19,63,57
"Bremer Kriminaltheater",2016-09-16,39,26
"Bremer Kriminaltheater",2016-09-17,47,48
"Bremer Kriminaltheater",2016-09-18,41,26
"Bremer Kriminaltheater",2016-10-20,20,13
"Bremer Kriminaltheater",2016-10-21,35,29
"Bremer Kriminaltheater",2016-10-23,33,34
"Bremer Kriminaltheater",2016-11-02,30,10
"Bremer Kriminaltheater",2016-11-03,32,16
"Bremer Kriminaltheater",2016-11-05,17,19
"Bremer Kriminaltheater",2016-11-17,25,18
"Bremer Kriminaltheater",2016-12-08,16,33
"Bremer Kriminaltheater",2016-12-09,26,34
"Bremer Kriminaltheater",2016-12-10,21,16
"Bremer Kriminaltheater",2017-01-20,72,28
"Bremer Kriminaltheater",2017-01-21,35,14
"Bremer Kriminaltheater",2017-01-22,17,12
"Bremer Kriminaltheater",2017-01-27,15,15
"Bremer Kriminaltheater",2017-01-28,23,22
"Bremer Kriminaltheater",2017-01-29,25,18
"Bremer Kriminaltheater",2017-02-10,50,48
"Bremer Kriminaltheater",2017-03-23,35,20
"Bremer Kriminaltheater",2017-10-01,45,47
"BüchnerBühne Riedstadt",2017-04-28,12,10
"BüchnerBühne Riedstadt",2017-04-29,12,20
"BüchnerBühne Riedstadt",2017-09-15,11,17
"BüchnerBühne Riedstadt",2017-09-16,8,11
"Contra-Kreis-Theater & Junges Theater Bonn",2016-09-15,147,61
"Contra-Kreis-Theater & Junges Theater Bonn",2016-09-16,107,47
"Contra-Kreis-Theater & Junges Theater Bonn",2016-09-17,99,43
"Contra-Kreis-Theater & Junges Theater Bonn",2016-09-18,142,70
"Contra-Kreis-Theater & Junges Theater Bonn",2016-09-20,101,62
"Contra-Kreis-Theater & Junges Theater Bonn",2016-09-21,147,69
"Contra-Kreis-Theater & Junges Theater Bonn",2016-09-22,126,65
"Contra-Kreis-Theater & Junges Theater Bonn",2016-09-22,171,35
"Contra-Kreis-Theater & Junges Theater Bonn",2016-09-23,106,74
"Contra-Kreis-Theater & Junges Theater Bonn",2016-09-24,121,106
"Contra-Kreis-Theater & Junges Theater Bonn",2016-09-25,133,70
"Contra-Kreis-Theater & Junges Theater Bonn",2016-09-27,95,71
"Contra-Kreis-Theater & Junges Theater Bonn",2016-09-28,134,81
"Contra-Kreis-Theater & Junges Theater Bonn",2016-09-28,180,25
"Contra-Kreis-Theater & Junges Theater Bonn",2016-09-30,116,88
"Contra-Kreis-Theater & Junges Theater Bonn",2016-10-01,137,94
"Contra-Kreis-Theater & Junges Theater Bonn",2016-10-02,151,84
"Contra-Kreis-Theater & Junges Theater Bonn",2016-10-04,123,88
"Contra-Kreis-Theater & Junges Theater Bonn",2016-10-05,128,95
"Contra-Kreis-Theater & Junges Theater Bonn",2016-10-05,121,38
"Contra-Kreis-Theater & Junges Theater Bonn",2016-10-06,170,65
"Contra-Kreis-Theater & Junges Theater Bonn",2016-10-07,108,63
"Contra-Kreis-Theater & Junges Theater Bonn",2016-10-07,162,30
"Contra-Kreis-Theater & Junges Theater Bonn",2016-10-08,138,104
"Contra-Kreis-Theater & Junges Theater Bonn",2016-10-09,130,94
"Contra-Kreis-Theater & Junges Theater Bonn",2016-10-11,137,116
"Contra-Kreis-Theater & Junges Theater Bonn",2016-10-12,150,92
"Contra-Kreis-Theater & Junges Theater Bonn",2016-10-13,127,91
"Contra-Kreis-Theater & Junges Theater Bonn",2016-10-14,138,97
"Contra-Kreis-Theater & Junges Theater Bonn",2016-10-15,138,104
"Contra-Kreis-Theater & Junges Theater Bonn",2016-10-16,127,113
"Contra-Kreis-Theater & Junges Theater Bonn",2016-10-21,162,74
"Contra-Kreis-Theater & Junges Theater Bonn",2016-10-22,131,115
"Contra-Kreis-Theater & Junges Theater Bonn",2016-10-23,121,103
"Det Kongelige Teater, Copenhagen",2017-04-19,104,44
"Det Kongelige Teater, Copenhagen",2017-04-20,116,55
"Det Kongelige Teater, Copenhagen",2017-04-21,91,85
"Det Kongelige Teater, Copenhagen",2017-04-22,92,91
"Det Kongelige Teater, Copenhagen",2017-04-26,142,42
"Det Kongelige Teater, Copenhagen",2017-04-27,95,73
"Det Kongelige Teater, Copenhagen",2017-04-28,113,75
"Det Kongelige Teater, Copenhagen",2017-04-29,117,74
"Det Kongelige Teater, Copenhagen",2017-05-03,119,44
"Det Kongelige Teater, Copenhagen",2017-05-04,92,95
"Det Kongelige Teater, Copenhagen",2017-05-05,104,80
"Det Kongelige Teater, Copenhagen",2017-05-06,104,78
"Det Kongelige Teater, Copenhagen",2017-05-10,91,54
"Det Kongelige Teater, Copenhagen",2017-05-11,84,105
"Det Kongelige Teater, Copenhagen",2017-05-12,91,88
"Det Kongelige Teater, Copenhagen",2017-05-13,99,80
"Det Kongelige Teater, Copenhagen",2017-05-17,131,53
"Det Kongelige Teater, Copenhagen",2017-05-18,97,91
"Det Kongelige Teater, Copenhagen",2017-05-19,107,86
"Det Kongelige Teater, Copenhagen",2017-05-20,103,74
"Det Kongelige Teater, Copenhagen",2017-05-24,82,91
"Det Kongelige Teater, Copenhagen",2017-05-25,113,78
"Det Kongelige Teater, Copenhagen",2017-05-26,104,85
"Det Kongelige Teater, Copenhagen",2017-05-27,99,85
"Det Kongelige Teater, Copenhagen",2017-06-01,108,91
"Det Kongelige Teater, Copenhagen",2017-06-02,86,110
"Deutsches Schauspielhaus, Hamburg",2016-04-07,306,238
"Deutsches Schauspielhaus, Hamburg",2016-04-18,405,374
"Deutsches Schauspielhaus, Hamburg",2016-05-14,404,326
"Deutsches Schauspielhaus, Hamburg",2016-06-29,512,275
"Deutsches Schauspielhaus, Hamburg",2016-07-01,443,251
"Deutsches Schauspielhaus, Hamburg",2016-07-10,482,302
"Deutsches Schauspielhaus, Hamburg",2016-10-22,501,379
"Deutsches Schauspielhaus, Hamburg",2016-10-29,379,361
"Deutsches Schauspielhaus, Hamburg",2016-11-16,534,297
"Deutsches Schauspielhaus, Hamburg",2016-12-14,347,224
"Deutsches Schauspielhaus, Hamburg",2016-12-16,205,109
"Deutsches Schauspielhaus, Hamburg",2017-01-13,480,305
"Deutsches Schauspielhaus, Hamburg",2017-02-18,253,218
"Deutsches Schauspielhaus, Hamburg",2017-03-03,397,183
"Deutsches Theater, Berlin",2015-10-03,255,207
"Deutsches Theater, Berlin",2015-10-06,224,214
"Deutsches Theater, Berlin",2015-10-16,243,223
"Deutsches Theater, Berlin",2015-10-22,270,207
"Deutsches Theater, Berlin",2015-11-05,256,209
"Deutsches Theater, Berlin",2015-11-10,233,246
"Deutsches Theater, Berlin",2015-11-25,263,207
"Deutsches Theater, Berlin",2015-12-03,230,238
"Deutsches Theater, Berlin",2015-12-14,238,247
"Deutsches Theater, Berlin",2015-12-28,264,223
"Deutsches Theater, Berlin",2016-01-08,243,229
"Deutsches Theater, Berlin",2016-01-12,264,196
"Deutsches Theater, Berlin",2016-01-24,246,247
"Deutsches Theater, Berlin",2016-02-11,278,217
"Deutsches Theater, Berlin",2016-02-16,250,223
"Deutsches Theater, Berlin",2016-03-18,260,214
"Deutsches Theater, Berlin",2016-03-24,247,225
"Deutsches Theater, Berlin",2016-04-14,282,198
"Deutsches Theater, Berlin",2016-04-26,279,223
"Deutsches Theater, Berlin",2016-05-20,270,196
"Deutsches Theater, Berlin",2016-06-01,317,154
"Deutsches Theater, Berlin",2016-07-01,213,220
"Deutsches Theater, Berlin",2016-07-17,297,202
"Deutsches Theater, Berlin",2016-09-25,286,192
"Deutsches Theater, Berlin",2016-10-05,283,104
"Deutsches Theater, Berlin",2016-10-17,310,180
"Deutsches Theater, Berlin",2016-11-02,244,112
"Deutsches Theater, Berlin",2016-11-03,116,67
"Deutsches Theater, Berlin",2016-11-12,240,224
"Deutsches Theater, Berlin",2016-11-15,173,255
"Deutsches Theater, Berlin",2016-11-22,245,210
"Deutsches Theater, Berlin",2016-12-07,277,167
"Deutsches Theater, Berlin",2017-01-01,266,178
"Deutsches Theater, Berlin",2017-01-17,259,209
"Deutsches Theater, Berlin",2017-01-18,277,174
"Deutsches Theater, Berlin",2017-02-14,277,165
"Deutsches Theater, Berlin",2017-02-21,222,197
"Deutsches Theater, Berlin",2017-03-10,251,116
"Deutsches Theater, Berlin",2017-03-11,245,134
"Deutsches Theater, Berlin",2017-03-15,223,194
"Deutsches Theater, Berlin",2017-03-29,280,168
"Deutsches Theater, Berlin",2017-05-04,204,113
"Deutsches Theater, Berlin",2017-05-07,270,210
"Deutsches Theater, Berlin",2017-06-02,103,96
"Deutsches Theater, Berlin",2017-07-14,195,109
"Deutsches Theater, Berlin",2017-09-29,139,78
"Deutsches Theater, Berlin",2017-10-05,224,107
"Deutsches Theater, Göttingen",2015-10-17,125,86
"Deutsches Theater, Göttingen",2015-10-22,122,91
"Deutsches Theater, Göttingen",2015-10-31,123,92
"Deutsches Theater, Göttingen",2015-11-27,138,73
"Deutsches Theater, Göttingen",2015-12-09,152,62
"Deutsches Theater, Göttingen",2015-12-16,149,68
"Deutsches Theater, Göttingen",2015-12-22,114,102
"Deutsches Theater, Göttingen",2015-12-30,147,93
"Deutsches Theater, Göttingen",2016-01-02,140,84
"Deutsches Theater, Göttingen",2016-01-28,169,68
"Deutsches Theater, Göttingen",2016-02-16,165,59
"Deutsches Theater, Göttingen",2016-02-22,199,48
"Deutsches Theater, Göttingen",2016-03-03,154,78
"Deutsches Theater, Göttingen",2016-03-07,142,84
"Deutsches Theater, Göttingen",2016-03-22,140,100
"Deutsches Theater, Göttingen",2016-04-07,134,102
"Deutsches Theater, Göttingen",2016-04-28,184,46
"Deutsches Theater, Göttingen",2016-05-04,138,94
"Deutsches Theater, Göttingen",2016-05-28,145,100
"Deutsches Theater, Göttingen",2016-06-17,150,49
"Deutsches Theater, Göttingen",2016-10-13,106,82
"Deutsches Theater, Göttingen",2016-11-25,138,101
"Deutsches Theater, Göttingen",2016-12-22,108,55
"Deutsches Theater, Göttingen",2017-01-07,123,129
"Deutsches Theater, Göttingen",2017-01-25,148,60
"Deutsches Theater, Göttingen",2017-02-16,144,91
"Deutsches Theater, Göttingen",2017-03-14,93,64
"Deutsches Theater, Göttingen",2017-04-03,152,67
"Deutsches Theater, Göttingen",2017-05-27,80,55
"Deutsches Theater, Göttingen",2017-06-01,49,29
"Deutsches Theater, Göttingen",2017-09-30,58,33
"Deutsches Theater, Göttingen",2017-10-13,74,35
"Deutsch-Sorbisches Volkstheater Bautzen",2016-09-22,47,57
"Deutsch-Sorbisches Volkstheater Bautzen",2016-09-29,58,44
"Deutsch-Sorbisches Volkstheater Bautzen",2016-10-13,52,53
"Deutsch-Sorbisches Volkstheater Bautzen",2016-10-18,44,56
"Deutsch-Sorbisches Volkstheater Bautzen",2016-11-03,59,42
"Deutsch-Sorbisches Volkstheater Bautzen",2016-11-08,62,44
"Deutsch-Sorbisches Volkstheater Bautzen",2016-11-18,72,27
"Deutsch-Sorbisches Volkstheater Bautzen",2016-12-17,65,39
"Deutsch-Sorbisches Volkstheater Bautzen",2017-01-12,62,34
"Deutsch-Sorbisches Volkstheater Bautzen",2017-01-22,67,37
"Deutsch-Sorbisches Volkstheater Bautzen",2017-01-24,67,33
"Deutsch-Sorbisches Volkstheater Bautzen",2017-02-12,68,34
"Deutsch-Sorbisches Volkstheater Bautzen",2017-02-28,60,39
"Deutsch-Sorbisches Volkstheater Bautzen",2017-03-16,42,24
"Deutsch-Sorbisches Volkstheater Bautzen",2017-03-21,56,28
"Deutsch-Sorbisches Volkstheater Bautzen",2017-04-06,71,31
"Düsseldorfer Schauspielhaus",2015-10-18,326,256
"Düsseldorfer Schauspielhaus",2015-10-20,320,244
"Düsseldorfer Schauspielhaus",2015-10-27,348,229
"Düsseldorfer Schauspielhaus",2015-11-02,330,269
"Düsseldorfer Schauspielhaus",2015-11-07,337,288
"Düsseldorfer Schauspielhaus",2015-11-15,341,257
"Düsseldorfer Schauspielhaus",2015-11-18,376,221
"Düsseldorfer Schauspielhaus",2015-11-21,331,277
"Düsseldorfer Schauspielhaus",2015-11-24,376,227
"Düsseldorfer Schauspielhaus",2015-12-03,361,257
"Düsseldorfer Schauspielhaus",2015-12-06,349,230
"Düsseldorfer Schauspielhaus",2015-12-17,337,225
"Düsseldorfer Schauspielhaus",2015-12-21,318,296
"Düsseldorfer Schauspielhaus",2015-12-30,317,302
"Düsseldorfer Schauspielhaus",2016-01-23,197,196
"Düsseldorfer Schauspielhaus",2016-01-25,222,146
"Düsseldorfer Schauspielhaus",2016-01-26,240,169
"Düsseldorfer Schauspielhaus",2016-01-27,203,174
"Düsseldorfer Schauspielhaus",2016-01-31,219,161
"Düsseldorfer Schauspielhaus",2016-02-03,217,165
"Düsseldorfer Schauspielhaus",2016-02-06,215,182
"Düsseldorfer Schauspielhaus",2016-02-10,210,168
"Düsseldorfer Schauspielhaus",2016-02-11,307,78
"Düsseldorfer Schauspielhaus",2016-02-22,217,171
"Düsseldorfer Schauspielhaus",2016-02-27,201,192
"Düsseldorfer Schauspielhaus",2016-02-28,225,162
"Düsseldorfer Schauspielhaus",2016-03-03,238,136
"Düsseldorfer Schauspielhaus",2016-03-08,239,131
"Düsseldorfer Schauspielhaus",2016-03-10,236,142
"Düsseldorfer Schauspielhaus",2016-03-21,232,132
"Düsseldorfer Schauspielhaus",2016-03-23,236,143
"Düsseldorfer Schauspielhaus",2016-03-24,228,154
"Düsseldorfer Schauspielhaus",2016-03-28,210,169
"Düsseldorfer Schauspielhaus",2016-03-30,221,167
"Düsseldorfer Schauspielhaus",2016-04-02,219,164
"Düsseldorfer Schauspielhaus",2016-04-07,236,165
"Düsseldorfer Schauspielhaus",2016-04-09,224,165
"Düsseldorfer Schauspielhaus",2016-04-10,220,140
"Düsseldorfer Schauspielhaus",2016-04-19,212,149
"Düsseldorfer Schauspielhaus",2016-04-27,222,131
"Düsseldorfer Schauspielhaus",2016-05-05,246,133
"Düsseldorfer Schauspielhaus",2016-05-08,250,115
"Düsseldorfer Schauspielhaus",2016-05-12,245,115
"Düsseldorfer Schauspielhaus",2016-05-14,233,149
"Düsseldorfer Schauspielhaus",2016-05-16,244,203
"Düsseldorfer Schauspielhaus",2016-05-26,245,146
"Düsseldorfer Schauspielhaus",2016-05-27,215,154
"Düsseldorfer Schauspielhaus",2016-05-30,219,177
"Düsseldorfer Schauspielhaus",2016-06-02,214,148
"Düsseldorfer Schauspielhaus",2016-06-08,274,125
"Düsseldorfer Schauspielhaus",2016-09-28,220,163
"Düsseldorfer Schauspielhaus",2016-10-10,217,167
"Düsseldorfer Schauspielhaus",2016-10-20,201,153
"Düsseldorfer Schauspielhaus",2016-10-31,213,155
"Düsseldorfer Schauspielhaus",2016-11-01,223,161
"Düsseldorfer Schauspielhaus",2016-11-04,197,179
"Düsseldorfer Schauspielhaus",2016-11-18,214,168
"Düsseldorfer Schauspielhaus",2016-11-29,247,109
"Düsseldorfer Schauspielhaus",2016-12-08,177,124
"Düsseldorfer Schauspielhaus",2016-12-14,222,112
"Düsseldorfer Schauspielhaus",2016-12-22,198,114
"Düsseldorfer Schauspielhaus",2017-01-26,206,115
"Düsseldorfer Schauspielhaus",2017-01-27,234,112
"Düsseldorfer Schauspielhaus",2017-02-08,256,124
"Düsseldorfer Schauspielhaus",2017-02-09,231,123
"Düsseldorfer Schauspielhaus",2017-03-01,140,88
"Düsseldorfer Schauspielhaus",2017-03-02,167,133
"Düsseldorfer Schauspielhaus",2017-04-15,152,122
"Düsseldorfer Schauspielhaus",2017-05-24,167,89
"Düsseldorfer Schauspielhaus",2017-05-26,113,89
"Düsseldorfer Schauspielhaus",2017-06-09,110,78
"Düsseldorfer Schauspielhaus",2017-06-21,115,71
"Düsseldorfer Schauspielhaus",2017-10-11,141,124
"Hans Otto Theater",2016-10-17,79,56
"Hans Otto Theater",2016-10-22,79,73
"Hans Otto Theater",2016-10-29,87,58
"Hans Otto Theater",2016-10-30,65,26
"Hans Otto Theater",2016-11-01,102,28
"Hans Otto Theater",2016-11-13,73,59
"Hans Otto Theater",2016-11-25,91,57
"Hans Otto Theater",2016-12-15,90,59
"Hans Otto Theater",2016-12-22,117,34
"Hans Otto Theater",2016-12-28,90,58
"Hans Otto Theater",2017-01-07,79,67
"Hans Otto Theater",2017-01-08,71,44
"Hans Otto Theater",2017-01-28,78,44
"Hans Otto Theater",2017-02-11,78,52
"Hans Otto Theater",2017-02-23,94,24
"Hans Otto Theater",2017-03-05,54,32
"Hans Otto Theater",2017-03-24,100,35
"Hans Otto Theater",2017-04-01,101,34
"Hans Otto Theater",2017-04-23,23,12
"Hans Otto Theater",2017-05-19,27,9
"Hans Otto Theater",2017-05-28,82,19
"Hans Otto Theater",2017-10-11,182,49
"Hans Otto Theater",2017-10-17,100,31
"Hessisches Staatstheater Wiesbaden",2017-02-09,66,73
"Hessisches Staatstheater Wiesbaden",2017-02-15,92,41
"Hessisches Staatstheater Wiesbaden",2017-03-11,75,66
"Hessisches Staatstheater Wiesbaden",2017-03-17,86,29
"Hessisches Staatstheater Wiesbaden",2017-03-19,77,52
"Hessisches Staatstheater Wiesbaden",2017-04-15,38,27
"Hessisches Staatstheater Wiesbaden",2017-04-22,85,54
"Hessisches Staatstheater Wiesbaden",2017-05-05,63,46
"Hessisches Staatstheater Wiesbaden",2017-05-23,58,35
"Hessisches Staatstheater Wiesbaden",2017-06-02,35,31
"Hyogo Performing Arts Center",2016-08-20,150,225
"Hyogo Performing Arts Center",2016-08-21,137,181
"Innsbrucker Kellertheater",2017-09-28,37,32
"Innsbrucker Kellertheater",2017-09-29,41,25
"Innsbrucker Kellertheater",2017-09-30,49,25
"Innsbrucker Kellertheater",2017-10-03,60,20
"Innsbrucker Kellertheater",2017-10-04,36,25
"Innsbrucker Kellertheater",2017-10-05,24,19
"Innsbrucker Kellertheater",2017-10-06,36,25
"Innsbrucker Kellertheater",2017-10-07,36,26
"Innsbrucker Kellertheater",2017-10-10,28,11
"Innsbrucker Kellertheater",2017-10-11,30,13
"Innsbrucker Kellertheater",2017-10-12,51,17
"Innsbrucker Kellertheater",2017-10-13,51,23
"Innsbrucker Kellertheater",2017-10-14,48,23
"Innsbrucker Kellertheater",2017-10-17,40,23
"Innsbrucker Kellertheater",2017-10-18,43,30
"Innsbrucker Kellertheater",2017-10-19,57,20
"Innsbrucker Kellertheater",2017-10-20,46,27
"Innsbrucker Kellertheater",2017-10-21,35,12
"Katona Jozsef Theater, Budapest",2016-10-08,61,40
"Katona Jozsef Theater, Budapest",2016-10-09,70,23
"Katona Jozsef Theater, Budapest",2016-10-13,63,38
"Katona Jozsef Theater, Budapest",2016-10-19,60,45
"Katona Jozsef Theater, Budapest",2016-10-24,67,36
"Katona Jozsef Theater, Budapest",2016-11-03,56,49
"Katona Jozsef Theater, Budapest",2016-11-07,72,31
"Katona Jozsef Theater, Budapest",2016-11-12,72,31
"Katona Jozsef Theater, Budapest",2016-11-12,59,46
"Katona Jozsef Theater, Budapest",2016-11-23,65,45
"Katona Jozsef Theater, Budapest",2016-12-01,73,31
"Katona Jozsef Theater, Budapest",2016-12-07,63,35
"Katona Jozsef Theater, Budapest",2016-12-09,72,26
"Katona Jozsef Theater, Budapest",2016-12-27,59,37
"Katona Jozsef Theater, Budapest",2016-12-27,67,39
"Katona Jozsef Theater, Budapest",2017-01-02,62,43
"Katona Jozsef Theater, Budapest",2017-01-13,57,44
"Katona Jozsef Theater, Budapest",2017-01-19,58,34
"Katona Jozsef Theater, Budapest",2017-01-28,58,42
"Katona Jozsef Theater, Budapest",2017-01-28,66,34
"Katona Jozsef Theater, Budapest",2017-02-01,65,33
"Katona Jozsef Theater, Budapest",2017-02-10,55,44
"Katona Jozsef Theater, Budapest",2017-02-15,70,30
"Katona Jozsef Theater, Budapest",2017-02-23,56,47
"Katona Jozsef Theater, Budapest",2017-03-04,59,42
"Katona Jozsef Theater, Budapest",2017-03-26,71,31
"Katona Jozsef Theater, Budapest",2017-03-26,59,43
"Katona Jozsef Theater, Budapest",2017-04-02,64,33
"Katona Jozsef Theater, Budapest",2017-04-02,60,30
"Katona Jozsef Theater, Budapest",2017-04-20,65,38
"Katona Jozsef Theater, Budapest",2017-04-25,59,50
"Katona Jozsef Theater, Budapest",2017-05-05,61,42
"Katona Jozsef Theater, Budapest",2017-05-14,52,45
"Katona Jozsef Theater, Budapest",2017-05-14,64,36
"Katona Jozsef Theater, Budapest",2017-06-01,67,31
"Katona Jozsef Theater, Budapest",2017-06-17,65,38
"Katona Jozsef Theater, Budapest",2017-06-18,65,40
"Katona Jozsef Theater, Budapest",2017-06-18,60,44
"Katona Jozsef Theater, Budapest",2017-06-24,73,32
"Katona Jozsef Theater, Budapest",2017-06-25,72,31
"Katona Jozsef Theater, Budapest",2017-09-08,61,39
"Katona Jozsef Theater, Budapest",2017-09-09,59,45
"Katona Jozsef Theater, Budapest",2017-10-16,66,35
"Konzertdirektion Landgraf",2016-09-22,233,140
"Konzertdirektion Landgraf",2016-09-23,189,165
"Konzertdirektion Landgraf",2016-09-24,147,59
"Konzertdirektion Landgraf",2016-09-25,178,55
"Konzertdirektion Landgraf",2016-09-26,288,142
"Konzertdirektion Landgraf",2016-09-27,237,105
"Konzertdirektion Landgraf",2016-09-28,223,82
"Konzertdirektion Landgraf",2016-09-29,114,55
"Konzertdirektion Landgraf",2016-10-01,190,156
"Konzertdirektion Landgraf",2016-10-03,183,138
"Konzertdirektion Landgraf",2016-10-04,163,96
"Konzertdirektion Landgraf",2016-10-05,347,120
"Konzertdirektion Landgraf",2016-10-06,257,183
"Konzertdirektion Landgraf",2016-10-07,213,187
"Konzertdirektion Landgraf",2016-10-08,165,83
"Konzertdirektion Landgraf",2016-10-09,323,148
"Konzertdirektion Landgraf",2016-10-11,330,211
"Konzertdirektion Landgraf",2016-10-12,156,85
"Konzertdirektion Landgraf",2016-10-13,200,88
"Konzertdirektion Landgraf",2016-10-14,301,145
"Konzertdirektion Landgraf",2016-10-16,237,127
"Konzertdirektion Landgraf",2016-10-17,175,111
"Konzertdirektion Landgraf",2016-10-18,246,112
"Konzertdirektion Landgraf",2016-10-18,246,112
"Konzertdirektion Landgraf",2016-10-19,235,111
"Konzertdirektion Landgraf",2016-10-20,375,125
"Konzertdirektion Landgraf",2016-10-22,167,146
"Konzertdirektion Landgraf",2016-10-23,174,143
"Konzertdirektion Landgraf",2016-10-24,149,83
"Konzertdirektion Landgraf",2016-10-24,282,80
"Konzertdirektion Landgraf",2016-10-25,309,208
"Konzertdirektion Landgraf",2016-10-26,226,84
"Konzertdirektion Landgraf",2016-10-27,208,77
"Konzertdirektion Landgraf",2016-10-28,223,325
"Konzertdirektion Landgraf",2016-10-29,392,157
"Konzertdirektion Landgraf",2016-10-30,324,243
"Konzertdirektion Landgraf",2016-10-31,307,144
"Konzertdirektion Landgraf",2016-11-02,163,155
"Konzertdirektion Landgraf",2016-11-03,117,48
"Konzertdirektion Landgraf",2016-11-04,214,118
"Konzertdirektion Landgraf",2016-11-05,137,54
"Konzertdirektion Landgraf",2016-11-06,165,154
"Konzertdirektion Landgraf",2016-11-07,137,54
"Konzertdirektion Landgraf",2016-11-08,235,157
"Konzertdirektion Landgraf",2016-11-09,266,154
"Konzertdirektion Landgraf",2016-11-10,268,83
"Konzertdirektion Landgraf",2016-11-11,227,91
"Konzertdirektion Landgraf",2016-11-12,328,194
"Konzertdirektion Landgraf",2016-11-13,242,125
"Konzertdirektion Landgraf",2016-11-14,218,133
"Konzertdirektion Landgraf",2016-11-15,279,177
"Konzertdirektion Landgraf",2016-11-16,302,96
"Konzertdirektion Landgraf",2016-11-17,333,124
"Konzertdirektion Landgraf",2016-11-18,173,134
"Konzertdirektion Landgraf",2016-11-19,412,189
"Konzertdirektion Landgraf",2016-11-21,247,171
"Konzertdirektion Landgraf",2016-11-22,272,127
"Konzertdirektion Landgraf",2016-11-23,323,114
"Konzertdirektion Landgraf",2016-11-24,375,185
"Konzertdirektion Landgraf",2016-11-25,169,83
"Konzertdirektion Landgraf",2016-11-27,283,93
"Konzertdirektion Landgraf",2016-11-28,249,166
"Konzertdirektion Landgraf",2016-11-29,186,69
"Konzertdirektion Landgraf",2016-11-30,416,141
"Konzertdirektion Landgraf",2016-12-01,130,73
"Konzertdirektion Landgraf",2016-12-02,194,134
"Konzertdirektion Landgraf",2016-12-03,114,59
"Konzertdirektion Landgraf",2016-12-05,154,96
"Konzertdirektion Landgraf",2016-12-06,185,102
"Konzertdirektion Landgraf",2016-12-07,308,154
"Konzertdirektion Landgraf",2016-12-08,121,74
"Konzertdirektion Landgraf",2016-12-09,111,51
"Konzertdirektion Landgraf",2016-12-10,197,116
"Konzertdirektion Landgraf",2016-12-11,174,101
"Konzertdirektion Landgraf",2016-12-12,125,81
"Konzertdirektion Landgraf",2016-12-13,268,145
"Konzertdirektion Landgraf",2016-12-14,179,137
"Konzertdirektion Landgraf",2016-12-15,127,59
"Konzertdirektion Landgraf",2016-12-16,167,90
"Konzertdirektion Landgraf",2016-12-17,115,82
"Konzertdirektion Landgraf",2017-01-15,265,117
"Konzertdirektion Landgraf",2017-01-15,265,117
"Konzertdirektion Landgraf",2017-01-16,345,107
"Konzertdirektion Landgraf",2017-01-17,370,224
"Konzertdirektion Landgraf",2017-01-19,211,67
"Konzertdirektion Landgraf",2017-01-19,341,102
"Konzertdirektion Landgraf",2017-01-21,284,196
"Konzertdirektion Landgraf",2017-01-23,155,69
"Konzertdirektion Landgraf",2017-01-24,158,68
"Konzertdirektion Landgraf",2017-01-26,315,153
"Konzertdirektion Landgraf",2017-01-27,175,95
"Konzertdirektion Landgraf",2017-01-28,86,29
"Konzertdirektion Landgraf",2017-01-29,131,71
"Konzertdirektion Landgraf",2017-01-30,86,53
"Konzertdirektion Landgraf",2017-02-01,257,105
"Konzertdirektion Landgraf",2017-02-02,214,125
"Konzertdirektion Landgraf",2017-02-03,128,90
"Konzertdirektion Landgraf",2017-09-24,147,55
"Konzertdirektion Landgraf",2017-09-25,145,57
"Konzertdirektion Landgraf",2017-09-26,151,51
"Konzertdirektion Landgraf",2017-09-27,177,58
"Konzertdirektion Landgraf",2017-09-28,374,129
"Konzertdirektion Landgraf",2017-09-29,326,77
"Konzertdirektion Landgraf",2017-10-01,36,28
"Konzertdirektion Landgraf",2017-10-02,264,85
"Konzertdirektion Landgraf",2017-10-03,193,63
"Konzertdirektion Landgraf",2017-10-04,56,45
"Konzertdirektion Landgraf",2017-10-05,236,128
"Konzertdirektion Landgraf",2017-10-06,224,102
"Konzertdirektion Landgraf",2017-10-07,145,67
"Konzertdirektion Landgraf",2017-10-08,135,61
"Konzertdirektion Landgraf",2017-10-10,151,75
"Konzertdirektion Landgraf",2017-10-11,131,75
"Konzertdirektion Landgraf",2017-10-12,210,62
"Konzertdirektion Landgraf",2017-10-13,221,90
"Konzertdirektion Landgraf",2017-10-14,298,83
"Konzertdirektion Landgraf",2017-10-15,188,74
"Konzertdirektion Landgraf",2017-10-16,175,58
"Konzertdirektion Landgraf",2017-10-17,170,33
"Konzertdirektion Landgraf",2017-10-19,292,95
"Konzertdirektion Landgraf",2017-10-20,104,80
"Konzertdirektion Landgraf",2017-10-20,122,77
"Konzertdirektion Landgraf",2017-10-22,231,138
"Lyric Hammersmith, London",2017-06-14,204,92
"Lyric Hammersmith, London",2017-06-15,143,104
"Lyric Hammersmith, London",2017-06-16,194,80
"Lyric Hammersmith, London",2017-06-17,125,96
"Lyric Hammersmith, London",2017-06-19,129,121
"Lyric Hammersmith, London",2017-06-20,166,101
"Lyric Hammersmith, London",2017-06-21,197,104
"Lyric Hammersmith, London",2017-06-22,184,133
"Lyric Hammersmith, London",2017-06-23,147,123
"Lyric Hammersmith, London",2017-06-24,136,72
"Lyric Hammersmith, London",2017-06-24,133,93
"Lyric Hammersmith, London",2017-06-26,143,89
"Lyric Hammersmith, London",2017-06-27,181,103
"Lyric Hammersmith, London",2017-06-28,165,129
"Lyric Hammersmith, London",2017-06-29,195,95
"Lyric Hammersmith, London",2017-06-30,179,131
"Lyric Hammersmith, London",2017-07-01,255,160
"Lyric Hammersmith, London",2017-07-03,133,90
"Lyric Hammersmith, London",2017-07-04,181,120
"Lyric Hammersmith, London",2017-07-05,167,125
"Lyric Hammersmith, London",2017-07-05,99,62
"Lyric Hammersmith, London",2017-07-06,155,90
"Lyric Hammersmith, London",2017-07-07,200,141
"Lyric Hammersmith, London",2017-07-08,152,99
"Lyric Hammersmith, London",2017-07-08,237,130
"Lyric Hammersmith, London",2017-07-10,242,147
"Lyric Hammersmith, London",2017-07-11,219,135
"Lyric Hammersmith, London",2017-07-12,109,58
"Lyric Hammersmith, London",2017-07-12,236,128
"Lyric Hammersmith, London",2017-07-13,225,148
"Lyric Hammersmith, London",2017-07-14,255,148
"Lyric Hammersmith, London",2017-07-15,272,156
"Lyric Hammersmith, London",2017-07-15,189,108
"Mainfranken Theater Würzburg",2016-11-20,100,89
"Mainfranken Theater Würzburg",2016-11-27,88,87
"Mainfranken Theater Würzburg",2016-12-05,87,89
"Mainfranken Theater Würzburg",2016-12-06,140,37
"Mainfranken Theater Würzburg",2016-12-12,92,82
"Mainfranken Theater Würzburg",2016-12-18,89,81
"Mainfranken Theater Würzburg",2017-01-11,116,49
"Mainfranken Theater Würzburg",2017-01-15,95,85
"Mainfranken Theater Würzburg",2017-01-16,142,48
"Mainfranken Theater Würzburg",2017-01-28,95,83
"Mainfranken Theater Würzburg",2017-01-29,92,63
"Mainfranken Theater Würzburg",2017-02-14,117,56
"Mainfranken Theater Würzburg",2017-03-04,116,77
"Mainfranken Theater Würzburg",2017-03-06,72,48
"Mainfranken Theater Würzburg",2017-03-12,113,63
"Mainfranken Theater Würzburg",2017-03-13,74,43
"Mainfranken Theater Würzburg",2017-03-17,74,86
"Mainfranken Theater Würzburg",2017-04-04,84,23
"Mainfranken Theater Würzburg",2017-04-07,72,44
"Mainzer Kammerspiele",2016-03-31,111,83
"Mainzer Kammerspiele",2016-04-01,121,77
"Mainzer Kammerspiele",2016-04-02,91,99
"Mainzer Kammerspiele",2016-04-26,117,78
"Mainzer Kammerspiele",2016-04-27,126,69
"Mainzer Kammerspiele",2016-04-28,134,69
"Mainzer Kammerspiele",2016-05-06,102,89
"Mainzer Kammerspiele",2016-05-07,118,78
"Mainzer Kammerspiele",2016-05-31,117,81
"Mainzer Kammerspiele",2016-06-01,115,77
"Mainzer Kammerspiele",2016-06-02,125,75
"Mainzer Kammerspiele",2016-10-25,102,85
"Mainzer Kammerspiele",2016-10-26,103,88
"Mainzer Kammerspiele",2016-10-27,120,75
"Mainzer Kammerspiele",2016-11-25,109,112
"Mainzer Kammerspiele",2016-11-26,110,102
"Mainzer Kammerspiele",2017-01-24,75,46
"Mainzer Kammerspiele",2017-01-25,41,38
"Mainzer Kammerspiele",2017-01-26,118,74
"Mainzer Kammerspiele",2017-02-07,90,46
"Mainzer Kammerspiele",2017-02-08,49,45
"Mainzer Kammerspiele",2017-02-09,41,27
"Mainzer Kammerspiele",2017-03-17,108,74
"Mainzer Kammerspiele",2017-03-18,116,98
"Metropoltheater München",2016-02-19,103,97
"Metropoltheater München",2016-02-20,89,86
"Metropoltheater München",2016-02-21,81,58
"Metropoltheater München",2016-02-22,88,69
"Metropoltheater München",2016-02-24,86,65
"Metropoltheater München",2016-02-25,120,40
"Metropoltheater München",2016-03-01,104,95
"Metropoltheater München",2016-03-02,81,95
"Metropoltheater München",2016-03-03,95,100
"Metropoltheater München",2016-03-05,103,98
"Metropoltheater München",2016-03-06,126,79
"Metropoltheater München",2016-03-16,103,81
"Metropoltheater München",2016-03-18,112,92
"Metropoltheater München",2016-03-19,106,95
"Metropoltheater München",2016-03-22,116,88
"Metropoltheater München",2016-03-23,113,97
"Metropoltheater München",2016-03-30,93,106
"Metropoltheater München",2016-03-31,102,95
"Metropoltheater München",2016-05-05,115,82
"Metropoltheater München",2016-05-06,95,112
"Metropoltheater München",2016-05-07,99,81
"Metropoltheater München",2016-05-08,110,80
"Metropoltheater München",2016-05-09,99,91
"Metropoltheater München",2016-05-11,111,81
"Metropoltheater München",2016-05-12,145,42
"Metropoltheater München",2016-05-12,120,77
"Metropoltheater München",2016-05-13,103,93
"Metropoltheater München",2016-08-24,126,79
"Metropoltheater München",2016-08-25,102,96
"Metropoltheater München",2016-08-26,105,99
"Metropoltheater München",2016-08-27,104,88
"Metropoltheater München",2016-08-31,111,89
"Metropoltheater München",2016-09-01,118,90
"Metropoltheater München",2016-09-02,111,94
"Metropoltheater München",2016-09-03,108,83
"Metropoltheater München",2016-09-06,113,85
"Metropoltheater München",2016-09-07,123,78
"Metropoltheater München",2016-09-08,105,92
"Metropoltheater München",2016-09-09,130,60
"Metropoltheater München",2016-09-10,107,91
"Metropoltheater München",2016-11-10,81,89
"Metropoltheater München",2016-11-11,148,47
"Metropoltheater München",2016-11-11,74,118
"Metropoltheater München",2016-11-12,103,96
"Metropoltheater München",2016-11-14,160,38
"Metropoltheater München",2016-11-14,111,85
"Metropoltheater München",2016-11-15,98,91
"Metropoltheater München",2016-11-16,88,96
"Metropoltheater München",2016-11-17,81,104
"Metropoltheater München",2016-11-17,153,41
"Metropoltheater München",2016-11-20,87,118
"Metropoltheater München",2016-11-21,98,104
"Metropoltheater München",2016-11-22,107,86
"Metropoltheater München",2016-11-23,102,80
"Metropoltheater München",2016-11-24,90,95
"Metropoltheater München",2016-11-25,90,100
"Metropoltheater München",2016-11-27,101,102
"Metropoltheater München",2017-05-05,44,37
"Metropoltheater München",2017-05-09,87,56
"Metropoltheater München",2017-05-12,45,45
"Metropoltheater München",2017-05-12,104,28
"Metropoltheater München",2017-05-13,42,31
"Metropoltheater München",2017-05-14,32,30
"Metropoltheater München",2017-05-17,61,47
"Metropoltheater München",2017-05-18,37,10
"Metropoltheater München",2017-05-19,59,44
"Metropoltheater München",2017-05-20,56,46
"Metropoltheater München",2017-05-21,47,27
"Metropoltheater München",2017-05-22,74,45
"Metropoltheater München",2017-05-24,82,50
"Metropoltheater München",2017-05-25,29,18
"Metropoltheater München",2017-05-26,23,29
"Metropoltheater München",2017-05-27,15,16
"Metropoltheater München",2017-05-28,28,19
"Metropoltheater München",2017-05-31,75,41
"Metropoltheater München",2017-05-31,60,31
"Metropoltheater München",2017-06-05,65,43
"Metropoltheater München",2017-06-08,59,52
"Miami New Drama",2017-01-26,135,55
"Miami New Drama",2017-01-30,136,38
"Miami New Drama",2017-01-30,204,97
"Miami New Drama",2017-01-30,164,53
"Miami New Drama",2017-02-02,95,45
"Miami New Drama",2017-02-03,100,65
"Miami New Drama",2017-02-04,217,97
"Miami New Drama",2017-02-05,135,60
"Miami New Drama",2017-02-09,136,72
"Miami New Drama",2017-02-09,108,61
"Miami New Drama",2017-02-10,136,80
"Miami New Drama",2017-02-11,178,156
"Miami New Drama",2017-02-12,101,53
"Mittwoch Theater, Hannover",2017-04-20,24,29
"Mittwoch Theater, Hannover",2017-04-20,24,29
"Mittwoch Theater, Hannover",2017-04-25,36,22
"National Theatre Brno",2017-10-11,110,27
"National Theatre Brno",2017-10-12,149,48
"National Theatre Brno",2017-10-13,161,59
"National Theatre Brno",2017-10-14,119,54
"National Theatre Brno",2017-10-16,192,60
"National Theatre Brno",2017-10-17,188,58
"National Theatre Brno",2017-10-21,178,63
"Nikkei Hall, Tokyo",2016-08-13,132,285
"Nikkei Hall, Tokyo",2016-08-13,150,267
"Oldenburgisches Staatstheater",2016-02-20,279,229
"Oldenburgisches Staatstheater",2016-02-26,257,210
"Oldenburgisches Staatstheater",2016-03-06,317,198
"Oldenburgisches Staatstheater",2016-03-07,213,138
"Oldenburgisches Staatstheater",2016-03-12,328,182
"Oldenburgisches Staatstheater",2016-03-15,305,152
"Oldenburgisches Staatstheater",2016-04-03,311,180
"Oldenburgisches Staatstheater",2016-04-06,84,43
"Oldenburgisches Staatstheater",2016-04-10,115,90
"Oldenburgisches Staatstheater",2016-04-17,163,77
"Oldenburgisches Staatstheater",2016-04-19,342,151
"Oldenburgisches Staatstheater",2016-04-22,295,223
"Oldenburgisches Staatstheater",2016-04-28,314,154
"Oldenburgisches Staatstheater",2016-06-02,351,166
"Oldenburgisches Staatstheater",2016-06-06,325,206
"Oldenburgisches Staatstheater",2016-06-06,306,90
"Oldenburgisches Staatstheater",2016-06-10,295,209
"Oldenburgisches Staatstheater",2016-06-25,304,210
"Oldenburgisches Staatstheater",2016-09-10,251,159
"Oldenburgisches Staatstheater",2016-09-18,45,31
"Oldenburgisches Staatstheater",2016-11-04,288,192
"Oldenburgisches Staatstheater",2016-11-05,174,125
"Oldenburgisches Staatstheater",2016-12-13,337,106
"Oldenburgisches Staatstheater",2017-01-03,253,143
"Oldenburgisches Staatstheater",2017-04-23,280,106
"Oldenburgisches Staatstheater",2017-04-23,280,106
"Oldenburgisches Staatstheater",2017-05-25,88,54
"Oldenburgisches Staatstheater",2017-06-06,112,50
"Pfalztheater Kaiserslautern",2016-10-08,220,193
"Pfalztheater Kaiserslautern",2016-10-15,290,199
"Pfalztheater Kaiserslautern",2016-10-20,191,110
"Pfalztheater Kaiserslautern",2016-10-28,256,203
"Pfalztheater Kaiserslautern",2016-11-08,333,212
"Pfalztheater Kaiserslautern",2016-11-12,319,210
"Pfalztheater Kaiserslautern",2016-11-30,359,190
"Pfalztheater Kaiserslautern",2016-12-02,355,262
"Pfalztheater Kaiserslautern",2016-12-28,333,241
"Queensland Performing Arts Centre, Brisbane",2017-09-19,264,175
"Queensland Performing Arts Centre, Brisbane",2017-09-20,316,201
"Queensland Performing Arts Centre, Brisbane",2017-09-21,270,196
"Queensland Performing Arts Centre, Brisbane",2017-09-22,335,240
"Queensland Performing Arts Centre, Brisbane",2017-09-23,472,187
"Sahne Theater, Ankara",2017-05-06,238,88
"Salzburger Landestheater",2017-02-04,260,189
"Salzburger Landestheater",2017-02-09,304,159
"Salzburger Landestheater",2017-02-12,234,160
"Salzburger Landestheater",2017-02-15,273,115
"Salzburger Landestheater",2017-02-20,306,183
"Salzburger Landestheater",2017-02-25,259,276
"Salzburger Landestheater",2017-03-03,428,157
"Salzburger Landestheater",2017-03-09,416,151
"Salzburger Landestheater",2017-03-15,446,154
"Salzburger Landestheater",2017-04-07,411,203
"Salzburger Landestheater",2017-04-09,360,155
"Salzburger Landestheater",2017-04-19,457,203
"Schauspielbühnen in Stuttgart",2016-02-05,228,137
"Schauspielbühnen in Stuttgart",2016-02-06,219,156
"Schauspielbühnen in Stuttgart",2016-02-09,198,96
"Schauspielbühnen in Stuttgart",2016-02-10,198,96
"Schauspielbühnen in Stuttgart",2016-02-11,238,105
"Schauspielbühnen in Stuttgart",2016-02-12,252,120
"Schauspielbühnen in Stuttgart",2016-02-13,258,172
"Schauspielbühnen in Stuttgart",2016-02-15,217,101
"Schauspielbühnen in Stuttgart",2016-02-16,241,100
"Schauspielbühnen in Stuttgart",2016-02-18,216,117
"Schauspielbühnen in Stuttgart",2016-02-19,231,137
"Schauspielbühnen in Stuttgart",2016-02-20,265,125
"Schauspielbühnen in Stuttgart",2016-02-22,254,123
"Schauspielbühnen in Stuttgart",2016-02-23,232,126
"Schauspielbühnen in Stuttgart",2016-02-24,246,116
"Schauspielbühnen in Stuttgart",2016-02-25,225,157
"Schauspielbühnen in Stuttgart",2016-02-26,268,151
"Schauspielbühnen in Stuttgart",2016-02-27,239,174
"Schauspielbühnen in Stuttgart",2016-02-29,270,124
"Schauspielbühnen in Stuttgart",2016-03-01,263,140
"Schauspielbühnen in Stuttgart",2016-03-02,281,160
"Schauspielbühnen in Stuttgart",2016-03-03,275,166
"Schauspielbühnen in Stuttgart",2016-03-04,256,167
"Schauspielbühnen in Stuttgart",2016-03-05,264,179
"Schauspielbühnen in Stuttgart",2016-03-06,280,169
"Schauspielbühnen in Stuttgart",2016-03-08,277,172
"Schauspielbühnen in Stuttgart",2016-03-09,258,173
"Schauspielbühnen in Stuttgart",2016-03-10,277,156
"Schauspielbühnen in Stuttgart",2016-03-11,241,186
"Schauspielbühnen in Stuttgart",2016-03-12,274,165
"Schauspiel Frankfurt",2015-10-03,240,230
"Schauspiel Frankfurt",2015-10-09,283,196
"Schauspiel Frankfurt",2015-10-17,265,212
"Schauspiel Frankfurt",2015-10-29,264,231
"Schauspiel Frankfurt",2015-11-14,292,198
"Schauspiel Frankfurt",2015-11-28,298,197
"Schauspiel Frankfurt",2015-12-10,240,224
"Schauspiel Frankfurt",2015-12-14,265,198
"Schauspiel Frankfurt",2015-12-30,252,250
"Schauspiel Frankfurt",2016-01-10,293,210
"Schauspiel Frankfurt",2016-02-07,285,199
"Schauspiel Frankfurt",2016-02-28,300,280
"Schauspiel Frankfurt",2016-02-29,355,147
"Schauspiel Frankfurt",2016-03-17,266,211
"Schauspiel Frankfurt",2016-03-26,260,235
"Schauspiel Frankfurt",2016-04-08,289,205
"Schauspiel Frankfurt",2016-05-01,249,211
"Schauspiel Frankfurt",2016-05-08,256,210
"Schauspiel Frankfurt",2016-05-15,251,186
"Schauspiel Frankfurt",2016-05-16,289,192
"Schauspiel Frankfurt",2016-06-24,232,227
"Schauspiel Frankfurt",2016-06-25,246,221
"Schauspiel Frankfurt",2016-12-31,234,215
"Schauspiel Frankfurt",2017-01-04,235,239
"Schlosstheater Celle",2015-11-06,142,53
"Schlosstheater Celle",2015-11-07,93,44
"Schlosstheater Celle",2015-11-09,109,67
"Schlosstheater Celle",2015-11-10,98,68
"Schlosstheater Celle",2015-11-11,89,53
"Schlosstheater Celle",2015-11-12,126,35
"Schlosstheater Celle",2015-11-14,88,70
"Schlosstheater Celle",2015-11-15,128,45
"Schlosstheater Celle",2015-11-19,140,41
"Schlosstheater Celle",2015-11-20,153,47
"Schlosstheater Celle",2015-11-21,118,40
"Schlosstheater Celle",2015-11-22,126,54
"Schlosstheater Celle",2015-11-22,115,63
"Schlosstheater Celle",2015-11-25,142,66
"Schlosstheater Celle",2015-11-28,195,97
"Schlosstheater Celle",2015-12-01,168,76
"Schlosstheater Celle",2015-12-04,188,87
"Schlosstheater Celle",2015-12-16,187,82
"Schlosstheater Celle",2016-01-06,183,110
"Schlosstheater Celle",2016-03-01,65,36
"Senf Theaterpartners/Kik Productions, Niederlande/The Netherlands",2017-09-21,204,121
"Senf Theaterpartners/Kik Productions, Niederlande/The Netherlands",2017-09-22,171,85
"Senf Theaterpartners/Kik Productions, Niederlande/The Netherlands",2017-09-23,129,85
"Senf Theaterpartners/Kik Productions, Niederlande/The Netherlands",2017-09-27,67,53
"Senf Theaterpartners/Kik Productions, Niederlande/The Netherlands",2017-09-28,252,143
"Senf Theaterpartners/Kik Productions, Niederlande/The Netherlands",2017-09-29,258,157
"Senf Theaterpartners/Kik Productions, Niederlande/The Netherlands",2017-09-30,156,125
"Senf Theaterpartners/Kik Productions, Niederlande/The Netherlands",2017-10-02,340,163
"Senf Theaterpartners/Kik Productions, Niederlande/The Netherlands",2017-10-03,305,226
"Senf Theaterpartners/Kik Productions, Niederlande/The Netherlands",2017-10-05,108,50
"Senf Theaterpartners/Kik Productions, Niederlande/The Netherlands",2017-10-06,177,130
"Senf Theaterpartners/Kik Productions, Niederlande/The Netherlands",2017-10-07,87,104
"Senf Theaterpartners/Kik Productions, Niederlande/The Netherlands",2017-10-10,142,56
"Senf Theaterpartners/Kik Productions, Niederlande/The Netherlands",2017-10-11,238,201
"Senf Theaterpartners/Kik Productions, Niederlande/The Netherlands",2017-10-12,156,65
"Senf Theaterpartners/Kik Productions, Niederlande/The Netherlands",2017-10-13,147,73
"Senf Theaterpartners/Kik Productions, Niederlande/The Netherlands",2017-10-14,248,146
"Senf Theaterpartners/Kik Productions, Niederlande/The Netherlands",2017-10-17,205,81
"Senf Theaterpartners/Kik Productions, Niederlande/The Netherlands",2017-10-19,155,89
"Senf Theaterpartners/Kik Productions, Niederlande/The Netherlands",2017-10-20,98,64
"Senf Theaterpartners/Kik Productions, Niederlande/The Netherlands",2017-10-21,198,150
"Staatsschauspiel Dresden",2016-01-28,284,385
"Staatsschauspiel Dresden",2016-02-01,280,304
"Staatsschauspiel Dresden",2016-02-08,312,352
"Staatsschauspiel Dresden",2016-02-22,367,312
"Staatsschauspiel Dresden",2016-03-06,345,329
"Staatsschauspiel Dresden",2016-03-06,336,350
"Staatsschauspiel Dresden",2016-03-11,352,316
"Staatsschauspiel Dresden",2016-03-30,347,341
"Staatsschauspiel Dresden",2016-04-05,333,315
"Staatsschauspiel Dresden",2016-04-18,128,136
"Staatsschauspiel Dresden",2016-05-01,344,170
"Staatsschauspiel Dresden",2016-05-01,308,348
"Staatsschauspiel Dresden",2016-05-06,345,290
"Staatsschauspiel Dresden",2016-05-11,361,298
"Staatsschauspiel Dresden",2016-05-17,357,312
"Staatsschauspiel Dresden",2016-05-28,389,353
"Staatsschauspiel Dresden",2016-10-30,317,340
"Staatsschauspiel Dresden",2016-11-10,315,284
"Staatsschauspiel Dresden",2016-11-11,348,300
"Staatsschauspiel Dresden",2016-12-17,256,221
"Staatsschauspiel Dresden",2016-12-18,159,155
"Staatsschauspiel Dresden",2016-12-18,156,95
"Staatsschauspiel Dresden",2017-01-04,293,272
"Staatsschauspiel Dresden",2017-02-07,246,217
"Staatsschauspiel Dresden",2017-03-03,337,247
"Staatsschauspiel Dresden",2017-03-20,206,200
"Staatsschauspiel Dresden",2017-03-31,238,157
"Staatsschauspiel Dresden",2017-04-26,218,168
"Staatsschauspiel Dresden",2017-05-18,304,269
"Staatstheater Braunschweig",2016-01-22,108,138
"Staatstheater Braunschweig",2016-01-27,133,121
"Staatstheater Braunschweig",2016-02-05,137,116
"Staatstheater Braunschweig",2016-02-10,173,82
"Staatstheater Braunschweig",2016-02-13,152,105
"Staatstheater Braunschweig",2016-02-19,132,126
"Staatstheater Braunschweig",2016-02-28,116,134
"Staatstheater Braunschweig",2016-03-03,150,84
"Staatstheater Braunschweig",2016-03-11,134,110
"Staatstheater Braunschweig",2016-03-31,126,135
"Staatstheater Braunschweig",2016-04-30,141,126
"Staatstheater Braunschweig",2016-05-15,137,119
"Staatstheater Braunschweig",2016-05-15,132,126
"Staatstheater Braunschweig",2016-05-28,139,116
"Staatstheater Braunschweig",2016-10-15,150,116
"Staatstheater Braunschweig",2016-10-25,181,71
"Staatstheater Braunschweig",2016-11-12,117,126
"Staatstheater Braunschweig",2016-12-05,169,78
"Staatstheater Braunschweig",2016-12-21,132,107
"Staatstheater Braunschweig",2016-12-27,102,108
"Staatstheater Braunschweig",2017-01-07,88,123
"Staatstheater Braunschweig",2017-01-27,106,93
"Staatstheater Braunschweig",2017-01-28,100,77
"Staatstheater Braunschweig",2017-02-04,155,87
"Staatstheater Braunschweig",2017-02-12,153,92
"Staatstheater Braunschweig",2017-03-07,153,93
"Staatstheater Braunschweig",2017-03-14,175,77
"Staatstheater Braunschweig",2017-04-09,70,73
"Staatstheater Braunschweig",2017-04-30,66,42
"Staatstheater Braunschweig",2017-05-11,95,61
"Staatstheater Braunschweig",2017-06-11,91,45
"Staatstheater Braunschweig",2017-06-17,59,31
"Staatstheater Kassel",2016-04-16,265,200
"Staatstheater Kassel",2016-04-23,273,203
"Staatstheater Kassel",2016-04-26,287,153
"Staatstheater Kassel",2016-04-28,298,101
"Staatstheater Kassel",2016-05-13,261,181
"Staatstheater Kassel",2016-05-28,270,218
"Staatstheater Kassel",2016-06-04,256,167
"Staatstheater Kassel",2016-06-05,280,181
"Staatstheater Kassel",2016-07-15,267,175
"Staatstheater Kassel",2016-07-17,252,213
"Staatstheater Kassel",2016-10-05,253,183
"Staatstheater Kassel",2016-10-16,212,167
"Staatstheater Kassel",2016-10-28,276,179
"Staatstheater Kassel",2016-11-04,268,175
"Staatstheater Nürnberg",2016-02-14,87,108
"Staatstheater Nürnberg",2016-02-16,116,55
"Staatstheater Nürnberg",2016-02-18,114,79
"Staatstheater Nürnberg",2016-02-21,105,84
"Staatstheater Nürnberg",2016-02-25,125,65
"Staatstheater Nürnberg",2016-03-06,100,82
"Staatstheater Nürnberg",2016-03-11,108,89
"Staatstheater Nürnberg",2016-03-16,85,89
"Staatstheater Nürnberg",2016-03-19,103,96
"Staatstheater Nürnberg",2016-03-23,108,87
"Staatstheater Nürnberg",2016-03-31,106,90
"Staatstheater Nürnberg",2016-04-16,103,84
"Staatstheater Nürnberg",2016-04-30,107,72
"Staatstheater Nürnberg",2016-05-06,102,88
"Staatstheater Nürnberg",2016-06-27,99,92
"Staatstheater Nürnberg",2016-07-02,76,71
"Staatstheater Nürnberg",2016-07-05,117,84
"Staatstheater Nürnberg",2016-07-08,108,92
"Staatstheater Nürnberg",2016-10-26,223,220
"Staatstheater Nürnberg",2016-11-10,301,190
"Staatstheater Nürnberg",2016-11-20,233,231
"Staatstheater Nürnberg",2016-11-27,248,214
"Staatstheater Nürnberg",2016-12-16,257,174
"Staatstheater Nürnberg",2017-01-09,246,147
"Staatstheater Nürnberg",2017-01-20,205,107
"Staatstheater Nürnberg",2017-01-30,198,194
"Staatstheater Nürnberg",2017-02-03,294,143
"Staatstheater Nürnberg",2017-02-04,205,139
"Staatstheater Nürnberg",2017-02-14,243,209
"Staatstheater Nürnberg",2017-02-15,78,75
"Staatstheater Nürnberg",2017-02-17,294,142
"Staatstheater Nürnberg",2017-03-07,237,142
"Staatstheater Nürnberg",2017-03-11,282,147
"Staatstheater Nürnberg",2017-03-28,259,126
"Staatstheater Nürnberg",2017-04-04,219,95
"Staatstheater Nürnberg",2017-05-16,258,187
"Stadthaus Ulm",2017-03-07,74,86
"Stadttheater Biel Solothurn",2017-03-11,91,66
"Stadttheater Biel Solothurn",2017-03-14,141,61
"Stadttheater Biel Solothurn",2017-03-15,132,36
"Stadttheater Biel Solothurn",2017-03-17,126,54
"Stadttheater Biel Solothurn",2017-03-18,126,48
"Stadttheater Biel Solothurn",2017-03-24,220,105
"Stadttheater Biel Solothurn",2017-04-04,138,51
"Stadttheater Biel Solothurn",2017-04-05,150,77
"Stadttheater Biel Solothurn",2017-04-13,122,59
"Stadttheater Biel Solothurn",2017-04-22,164,82
"Stadttheater Biel Solothurn",2017-04-25,281,103
"Stadttheater Biel Solothurn",2017-05-12,155,94
"Stadttheater Biel Solothurn",2017-05-15,112,51
"Stadttheater Biel Solothurn",2017-05-18,145,53
"Stadttheater Biel Solothurn",2017-05-23,143,53
"Stadttheater Biel Solothurn",2017-05-27,48,21
"Stadttheater Bremerhaven",2017-02-11,43,58
"Stadttheater Bremerhaven",2017-02-16,71,31
"Stadttheater Bremerhaven",2017-02-19,38,29
"Stadttheater Bremerhaven",2017-03-04,52,27
"Stadttheater Bremerhaven",2017-03-10,81,29
"Stadttheater Bremerhaven",2017-03-16,70,28
"Stadttheater Bremerhaven",2017-03-24,75,33
"Stadttheater Bremerhaven",2017-04-11,43,34
"Stadttheater Bremerhaven",2017-04-22,40,20
"Stadttheater Bremerhaven",2017-04-25,56,14
"Stadttheater Bremerhaven",2017-05-04,95,14
"Stadttheater Bremerhaven",2017-05-23,63,20
"Stadttheater Bremerhaven",2017-05-26,26,14
"Stadttheater Bremerhaven",2017-06-27,18,12
"Stadttheater Bremerhaven",2017-06-29,24,9
"Stadttheater Ingolstadt",2017-05-19,27,51
"Stadttheater Ingolstadt",2017-05-20,45,38
"Stadttheater Ingolstadt",2017-05-22,31,41
"Stadttheater Ingolstadt",2017-05-24,52,33
"Stadttheater Ingolstadt",2017-05-27,32,40
"Stadttheater Ingolstadt",2017-05-28,36,41
"Stadttheater Ingolstadt",2017-05-30,25,50
"Stadttheater Ingolstadt",2017-05-31,37,44
"Stadttheater Ingolstadt",2017-06-03,55,33
"Stadttheater Ingolstadt",2017-06-07,42,44
"Stadttheater Ingolstadt",2017-06-08,50,33
"Stadttheater Ingolstadt",2017-06-09,43,41
"Teatro Trasnocho, Caracas",2016-07-08,228,82
"Teatro Trasnocho, Caracas",2016-07-09,220,72
"Teatro Trasnocho, Caracas",2016-07-10,186,92
"Teatro Trasnocho, Caracas",2016-07-15,191,93
"Teatro Trasnocho, Caracas",2016-07-16,203,86
"Teatro Trasnocho, Caracas",2016-07-17,183,109
"Teatro Trasnocho, Caracas",2016-07-29,209,87
"Teatro Trasnocho, Caracas",2016-07-30,168,127
"Teatro Trasnocho, Caracas",2016-07-31,128,164
"Teatro Trasnocho, Caracas",2016-08-05,170,121
"Teatro Trasnocho, Caracas",2016-08-06,203,97
"Teatro Trasnocho, Caracas",2016-08-07,192,116
"Teatro Trasnocho, Caracas",2016-08-12,165,130
"Teatro Trasnocho, Caracas",2016-08-13,167,124
"Teatro Trasnocho, Caracas",2016-08-14,186,110
"Teatro Trasnocho, Caracas",2016-08-19,181,108
"Teatro Trasnocho, Caracas",2016-08-20,181,116
"Teatro Trasnocho, Caracas",2016-08-21,160,134
"Teatro Trasnocho, Caracas",2016-08-26,204,115
"Teatro Trasnocho, Caracas",2016-08-27,177,118
"Teatro Trasnocho, Caracas",2016-08-28,164,172
"Teatro Trasnocho, Caracas",2016-09-02,125,107
"Teatro Trasnocho, Caracas",2016-09-03,158,111
"Teatro Trasnocho, Caracas",2016-09-04,182,142
"Teatro Trasnocho, Caracas",2016-09-09,156,99
"Teatro Trasnocho, Caracas",2016-09-10,225,95
"Teatro Trasnocho, Caracas",2016-09-11,172,174
"Teatro Trasnocho, Caracas",2016-09-16,137,111
"Teatro Trasnocho, Caracas",2016-09-17,177,133
"Teatro Trasnocho, Caracas",2016-09-18,187,112
"Teatro Trasnocho, Caracas",2016-09-23,144,80
"Teatro Trasnocho, Caracas",2016-09-24,192,106
"Teatro Trasnocho, Caracas",2016-09-25,168,128
"Teatro Trasnocho, Caracas",2016-09-30,143,111
"Teatro Trasnocho, Caracas",2016-10-01,199,144
"Teatro Trasnocho, Caracas",2016-10-02,165,100
"Teatro Trasnocho, Caracas",2016-10-08,168,125
"Teatro Trasnocho, Caracas",2016-10-09,167,130
"Teatro Trasnocho, Caracas",2016-10-14,169,129
"Teatro Trasnocho, Caracas",2016-10-15,184,124
"Teatro Trasnocho, Caracas",2016-10-16,176,117
"Teatro Trasnocho, Caracas",2016-10-21,179,137
"Teatro Trasnocho, Caracas",2016-10-23,268,326
"Teatro Trasnocho, Caracas",2016-10-28,159,126
"Teatro Trasnocho, Caracas",2016-10-29,185,129
"Teatro Trasnocho, Caracas",2016-10-30,134,124
"Teatro Trasnocho, Caracas",2016-11-04,175,119
"Teatro Trasnocho, Caracas",2016-11-05,218,106
"Teatro Trasnocho, Caracas",2016-11-06,141,104
"Teatro Trasnocho, Caracas",2016-11-09,178,39
"Teatro Trasnocho, Caracas",2016-11-11,147,137
"Teatro Trasnocho, Caracas",2016-11-12,138,134
"Teatro Trasnocho, Caracas",2016-11-13,86,57
"Teatr Slaski, Katowice",2017-06-17,140,45
"Teatr Slaski, Katowice",2017-06-18,183,47
"Teatr Slaski, Katowice",2017-09-16,163,35
"Teatr Slaski, Katowice",2017-09-17,165,49
"Theater Aachen",2015-11-12,80,58
"Theater Aachen",2015-11-18,95,38
"Theater Aachen",2015-11-21,86,45
"Theater Aachen",2015-11-24,96,47
"Theater Aachen",2015-11-27,96,36
"Theater Aachen",2015-12-02,91,46
"Theater Aachen",2015-12-05,103,37
"Theater Aachen",2015-12-08,85,54
"Theater Aachen",2015-12-16,85,56
"Theater Aachen",2015-12-20,83,58
"Theater Aachen",2016-01-03,78,73
"Theater Aachen",2016-01-17,90,57
"Theater Aachen",2016-01-28,98,47
"Theater Aachen",2016-01-31,85,61
"Theater Aachen",2016-02-21,88,57
"Theater Aachen",2016-02-26,87,57
"Theater Aachen",2016-02-28,85,50
"Theater Aachen",2016-03-06,88,61
"Theater Aachen",2016-03-13,91,51
"Theater Aachen",2016-03-24,74,53
"Theater Aachen",2016-03-31,92,49
"Theater Aachen",2016-04-28,98,41
"Theater Aachen",2016-04-30,86,53
"Theater Aachen",2016-05-12,86,64
"Theater Aachen",2016-05-20,93,51
"Theater Aachen",2016-06-22,83,56
"Theater Aachen",2016-07-01,82,53
"Theater Aachen",2016-10-07,99,38
"Theater Aachen",2016-10-21,76,69
"Theater Aachen",2016-11-11,94,44
"Theater Aachen",2016-11-18,85,46
"Theater Aachen",2016-12-21,85,57
"Theater Aachen",2017-02-02,79,58
"Theater Aachen",2017-02-16,99,42
"Theater Aachen",2017-04-18,37,35
"Theater Aachen",2017-04-29,71,54
"Theater Aachen",2017-05-04,31,32
"Theater Aachen",2017-05-14,72,32
"Theater an der Effingerstraße",2016-08-20,121,45
"Theater an der Effingerstraße",2016-08-22,87,27
"Theater an der Effingerstraße",2016-08-23,73,28
"Theater an der Effingerstraße",2016-08-24,88,26
"Theater an der Effingerstraße",2016-08-25,82,34
"Theater an der Effingerstraße",2016-08-26,86,18
"Theater an der Effingerstraße",2016-08-27,80,32
"Theater an der Effingerstraße",2016-08-28,91,29
"Theater an der Effingerstraße",2016-08-30,110,34
"Theater an der Effingerstraße",2016-08-31,111,32
"Theater an der Effingerstraße",2016-09-01,-1,-1
"Theater an der Effingerstraße",2016-09-01,94,39
"Theater an der Effingerstraße",2016-09-02,110,28
"Theater an der Effingerstraße",2016-09-03,89,37
"Theater an der Effingerstraße",2016-09-04,102,31
"Theater an der Effingerstraße",2016-09-06,107,42
"Theater an der Effingerstraße",2016-09-07,122,24
"Theater an der Effingerstraße",2016-09-08,109,52
"Theater an der Effingerstraße",2016-09-09,101,56
"Theater an der Effingerstraße",2016-09-10,109,52
"Theater an der Effingerstraße",2016-09-12,111,43
"Theater an der Effingerstraße",2016-09-13,115,44
"Theater an der Effingerstraße",2016-09-14,119,32
"Theater an der Effingerstraße",2016-09-15,105,43
"Theater an der Effingerstraße",2016-09-16,103,55
"Theater Ansbach",2017-04-07,49,34
"Theater Ansbach",2017-04-11,47,26
"Theater Ansbach",2017-04-25,44,25
"Theater Ansbach",2017-04-26,61,14
"Theater Ansbach",2017-04-27,55,20
"Theater Ansbach",2017-04-29,57,24
"Theater Ansbach",2017-05-02,47,20
"Theater Ansbach",2017-05-05,40,35
"Theater Ansbach",2017-05-05,112,54
"Theater Ansbach",2017-05-10,55,20
"Theater Ansbach",2017-05-13,44,29
"Theater Ansbach",2017-05-19,89,31
"Theater Ansbach",2017-05-20,45,32
"Theater Ansbach",2017-05-21,48,32
"Theater Ansbach",2017-05-27,38,39
"Theater Baden-Baden",2015-10-16,137,87
"Theater Baden-Baden",2015-10-17,63,38
"Theater Baden-Baden",2015-10-18,88,28
"Theater Baden-Baden",2015-10-23,88,39
"Theater Baden-Baden",2015-11-01,90,47
"Theater Baden-Baden",2015-11-11,69,37
"Theater Baden-Baden",2015-11-12,133,37
"Theater Baden-Baden",2015-11-14,104,42
"Theater Baden-Baden",2015-11-20,93,38
"Theater Baden-Baden",2015-11-21,90,55
"Theater Baden-Baden",2015-12-01,117,46
"Theater Baden-Baden",2015-12-27,183,117
"Theater Baden-Baden",2016-01-16,194,119
"Theater Baden-Baden",2016-01-30,206,106
"Theater Baden-Baden",2016-02-05,102,66
"Theater Baden-Baden",2016-03-05,132,91
"Theater Baden-Baden",2016-03-19,86,57
"Theater Baden-Baden",2016-05-21,62,37
"Theater Baden-Baden",2016-09-24,49,26
"Theater Baden-Baden",2016-10-08,99,54
"Theater Baden-Baden",2016-11-05,46,23
"Theater Bielefeld",2016-01-30,372,227
"Theater Bielefeld",2016-02-02,374,215
"Theater Bielefeld",2016-02-06,398,183
"Theater Bielefeld",2016-02-12,403,186
"Theater Bielefeld",2016-02-18,438,146
"Theater Bielefeld",2016-02-19,419,193
"Theater Bielefeld",2016-02-21,381,212
"Theater Bielefeld",2016-02-24,416,175
"Theater Bielefeld",2016-02-26,365,239
"Theater Bielefeld",2016-02-28,361,234
"Theater Bielefeld",2016-03-02,398,187
"Theater Bielefeld",2016-03-03,406,188
"Theater Bielefeld",2016-03-06,383,191
"Theater Bielefeld",2016-03-06,391,189
"Theater Bielefeld",2016-03-12,160,129
"Theater Bielefeld",2016-03-24,412,176
"Theater Bielefeld",2016-03-25,365,235
"Theater Bielefeld",2016-04-06,439,159
"Theater Bielefeld",2016-05-17,334,221
"Theater Bielefeld",2016-09-27,352,148
"Theater Bielefeld",2016-10-02,387,229
"Theater Bielefeld",2016-10-03,359,246
"Theater Bielefeld",2016-10-30,379,214
"Theater Bielefeld",2016-11-13,446,136
"Theater Bielefeld",2017-01-22,394,184
"Theater Bielefeld",2017-02-11,368,219
"Theater Bielefeld",2017-03-07,398,171
"Theater Bielefeld",2017-04-17,225,115
"Theater Bielefeld",2017-04-23,324,159
"Theater Bielefeld",2017-06-04,207,120
"Theater der Altmark, Stendal",2016-12-10,39,28
"Theater der Altmark, Stendal",2016-12-12,27,21
"Theater der Altmark, Stendal",2016-12-14,56,8
"Theater der Altmark, Stendal",2016-12-14,33,20
"Theater der Altmark, Stendal",2017-01-03,53,14
"Theater der Altmark, Stendal",2017-01-04,56,4
"Theater der Altmark, Stendal",2017-01-05,56,7
"Theater der Altmark, Stendal",2017-01-10,36,5
"Theater der Altmark, Stendal",2017-01-13,43,19
"Theater der Altmark, Stendal",2017-01-13,26,2
"Theater der Altmark, Stendal",2017-01-22,46,15
"Theater der Altmark, Stendal",2017-01-23,52,5
"Theater der Altmark, Stendal",2017-01-23,41,22
"Theater der Altmark, Stendal",2017-01-27,32,27
"Theater der Altmark, Stendal",2017-02-18,55,21
"Theater der Altmark, Stendal",2017-03-03,33,29
"Theater der Altmark, Stendal",2017-04-05,56,7
"Theater der Altmark, Stendal",2017-04-20,64,12
"Theater der Altmark, Stendal",2017-04-20,35,13
"Theater der Altmark, Stendal",2017-04-23,30,33
"Theater der Altmark, Stendal",2017-05-24,40,23
"Theater der Keller",2016-11-04,49,57
"Theater der Keller",2016-11-06,50,30
"Theater der Keller",2016-11-22,51,36
"Theater der Keller",2016-11-26,52,48
"Theater der Keller",2016-11-27,46,33
"Theater der Keller",2016-12-02,54,37
"Theater der Keller",2016-12-03,38,49
"Theater der Keller",2016-12-15,63,33
"Theater der Keller",2016-12-17,48,38
"Theater der Keller",2016-12-27,48,46
"Theater der Keller",2016-12-29,58,46
"Theater der Keller",2017-01-06,52,38
"Theater der Keller",2017-01-10,52,29
"Theater der Keller",2017-01-11,45,46
"Theater der Keller",2017-01-13,56,41
"Theater der Keller",2017-01-14,58,46
"Theater der Keller",2017-01-24,61,21
"Theater der Keller",2017-01-25,63,27
"Theater der Keller",2017-02-01,60,28
"Theater der Keller",2017-02-04,47,32
"Theater der Keller",2017-02-08,53,30
"Theater der Keller",2017-02-09,53,33
"Theater der Keller",2017-02-21,34,49
"Theater der Keller",2017-02-22,61,24
"Theater der Keller",2017-03-03,54,25
"Theater der Keller",2017-03-04,54,41
"Theater der Keller",2017-03-08,62,30
"Theater der Keller",2017-03-25,54,28
"Theater der Keller",2017-03-26,68,16
"Theater der Keller",2017-04-08,55,26
"Theater der Keller",2017-04-11,65,25
"Theater der Keller",2017-04-25,52,43
"Theater der Keller",2017-04-30,38,33
"Theater der Keller",2017-05-02,63,21
"Theater der Keller",2017-05-09,62,31
"Theater der Keller",2017-05-28,47,23
"Theater der Keller",2017-05-30,66,33
"Theater der Keller",2017-06-21,25,18
"Theater der Keller",2017-07-12,57,32
"Theater der Keller",2017-09-10,58,26
"Theater der Keller",2017-10-20,157,50
"Theater Eisleben",2017-09-23,47,14
"Theater Eisleben",2017-09-28,172,23
"Theater Eisleben",2017-09-30,38,26
"Theater Eisleben",2017-10-14,45,20
"Theater Heilbronn",2016-10-07,286,204
"Theater Heilbronn",2016-10-14,178,86
"Theater Heilbronn",2016-10-19,220,107
"Theater Heilbronn",2016-10-28,366,157
"Theater Heilbronn",2016-11-08,297,131
"Theater Heilbronn",2016-11-16,343,151
"Theater Heilbronn",2016-11-27,326,99
"Theater Heilbronn",2016-12-08,369,130
"Theater Heilbronn",2016-12-14,241,131
"Theater Heilbronn",2016-12-16,217,83
"Theater Heilbronn",2016-12-27,385,255
"Theater Heilbronn",2017-01-04,266,96
"Theater Heilbronn",2017-01-08,191,98
"Theater Heilbronn",2017-01-14,293,152
"Theater Heilbronn",2017-01-17,288,138
"Theater Heilbronn",2017-02-11,375,249
"Theater Heilbronn",2017-02-16,433,248
"Theater Kiel",2017-04-21,79,49
"Theater Kiel",2017-04-26,79,49
"Theater Kiel",2017-05-05,93,45
"Theater Kiel",2017-05-19,59,74
"Theater Kiel",2017-05-26,96,44
"Theater Kiel",2017-06-13,94,47
"Theater Kiel",2017-07-06,92,48
"Theater Kiel",2017-07-07,78,57
"Theater Kiel",2017-07-11,123,72
"Theater Konstanz",2017-05-06,153,144
"Theater Konstanz",2017-05-14,144,98
"Theater Konstanz",2017-05-21,168,96
"Theater Konstanz",2017-06-09,137,120
"Theater Konstanz",2017-06-13,184,138
"Theater Osnabrück",2017-05-14,45,53
"Theater Osnabrück",2017-05-17,54,43
"Theater Osnabrück",2017-05-19,68,36
"Theater Osnabrück",2017-05-21,76,33
"Theater Osnabrück",2017-05-30,41,40
"Theater Osnabrück",2017-06-07,55,54
"Theater Osnabrück",2017-09-14,245,195
"Theater Osnabrück",2017-09-17,156,95
"Theater Osnabrück",2017-09-19,274,142
"Theater Osnabrück",2017-10-11,211,163
"Theater Osnabrück",2017-10-13,169,155
"Theater Plauen-Zwickau",2016-10-08,161,127
"Theater Plauen-Zwickau",2016-10-14,129,121
"Theater Plauen-Zwickau",2016-10-16,142,87
"Theater Plauen-Zwickau",2016-10-18,289,69
"Theater Plauen-Zwickau",2016-10-24,292,89
"Theater Plauen-Zwickau",2016-11-19,240,117
"Theater Plauen-Zwickau",2016-12-17,54,41
"Theater Plauen-Zwickau",2017-01-13,44,49
"Theater Plauen-Zwickau",2017-01-22,60,34
"Theater Plauen-Zwickau",2017-01-26,274,90
"Theater Plauen-Zwickau",2017-01-28,70,74
"Theater Plauen-Zwickau",2017-02-02,50,5
"Theater Plauen-Zwickau",2017-02-03,73,25
"Theater Plauen-Zwickau",2017-02-04,65,50
"Theater Plauen-Zwickau",2017-03-05,70,33
"Theater Plauen-Zwickau",2017-03-21,80,23
"Theater Plauen-Zwickau",2017-04-01,63,47
"Theater Plauen-Zwickau",2017-04-21,57,43
"Theater Plauen-Zwickau",2017-04-25,103,14
"Theater Plauen-Zwickau",2017-05-04,103,93
"Theater Plauen-Zwickau",2017-05-13,63,23
"Theater Plauen-Zwickau",2017-05-28,27,15
"Theater Plauen-Zwickau",2017-06-03,27,12
"Theater Plauen-Zwickau",2017-06-05,74,25
"Theater Plauen-Zwickau",2017-06-06,32,16
"Theater Regensburg",2017-07-18,145,134
"Theater Regensburg",2017-07-19,134,95
"Theater Regensburg",2017-07-22,170,106
"Theater St. Gallen",2017-01-26,72,42
"Theater St. Gallen",2017-01-29,28,12
"Theater St. Gallen",2017-01-31,47,10
"Theater St. Gallen",2017-02-04,49,26
"Theater St. Gallen",2017-02-05,98,22
"Theater St. Gallen",2017-02-07,86,28
"Theater St. Gallen",2017-02-08,93,28
"Theater St. Gallen",2017-02-13,38,19
"Theater St. Gallen",2017-02-16,92,27
"Theater St. Gallen",2017-02-17,87,29
"Theater St. Gallen",2017-02-21,116,18
"Theater St. Gallen",2017-02-22,98,33
"Theater Trier",2016-10-14,39,48
"Theater Trier",2016-10-21,47,48
"Theater Trier",2016-10-28,54,46
"Theater Trier",2016-11-04,57,38
"Theater Trier",2016-11-11,44,53
"Theater Trier",2016-11-25,59,38
"Theater Trier",2016-12-02,36,32
"Theater Trier",2016-12-09,63,28
"Theater Trier",2017-01-13,48,46
"Theater Trier",2017-01-20,64,29
"Theater Trier",2017-01-27,54,39
"Theater Trier",2017-02-03,66,28
"Theater Trier",2017-02-10,44,38
"Theater Trier",2017-02-17,67,35
"Theater Vorpommern, Greifswald",2016-05-21,147,122
"Theater Vorpommern, Greifswald",2016-05-28,96,70
"Theater Vorpommern, Greifswald",2016-06-08,330,36
"Theater Vorpommern, Greifswald",2016-06-11,139,116
"Theater Vorpommern, Greifswald",2016-09-24,69,68
"Theater Vorpommern, Greifswald",2016-09-26,226,23
"Theater Vorpommern, Greifswald",2016-10-31,77,76
"Theater Vorpommern, Greifswald",2017-03-23,80,36
"Theater Vorpommern, Stralsund",2016-04-29,161,132
"Theater Vorpommern, Stralsund",2016-05-13,94,43
"Theater Vorpommern, Stralsund",2016-06-03,105,64
"Theater Vorpommern, Stralsund",2016-10-15,67,58
"Theater Vorpommern, Stralsund",2016-10-17,83,44
"Theater Vorpommern, Stralsund",2016-11-06,179,79
"Theater Vorpommern, Stralsund",2017-03-26,47,33
"Theater@work",2016-05-10,83,44
"Theater@work",2016-05-13,67,57
"Theater@work",2016-05-19,68,65
"Theater@work",2016-05-24,78,57
"Theater@work",2016-05-25,86,50
"Theater@work",2016-05-27,88,48
"Theater@work",2016-05-31,100,48
"Theater@work",2016-06-07,87,55
"Theater@work",2016-06-09,83,55
"Theater@work",2016-06-10,77,52
"Theater@work",2016-06-15,66,98
"Theater@work",2016-06-17,97,57
"Theater@work",2016-06-27,109,56
"Theater@work",2016-06-28,100,65
"Theater@work",2016-06-29,128,37
"Theater@work",2016-06-30,95,69
"Theater@work",2016-07-01,77,66
"Theater@work",2016-07-02,93,70
"Theater@work",2017-02-22,64,50
"Theater@work",2017-02-23,47,59
"Theater@work",2017-02-23,99,25
"Theater@work",2017-02-24,93,22
"Theater@work",2017-02-24,61,57
"Theater@work",2017-02-28,91,14
"Theater@work",2017-02-28,77,37
"Theater@work",2017-03-01,101,7
"Theater@work",2017-03-01,83,43
"Theater@work",2017-03-02,75,27
"Theater@work",2017-03-03,68,40
"Theater@work",2017-03-04,69,48
"Theater@work",2017-03-08,108,51
"Theater@work",2017-03-11,81,48
"Theater@work",2017-03-14,66,32
"Theater@work",2017-03-14,66,32
"Theater@work",2017-03-15,53,34
"Theater@work",2017-03-15,80,11
"Theater@work",2017-03-18,92,46
"Theater@work",2017-03-22,111,49
"Theater@work",2017-03-23,88,44
"Theater@work",2017-03-24,83,55
"Theater@work",2017-03-25,79,63
"Theater@work",2017-03-28,96,68
"Theater@work",2017-03-30,96,68
"Theater@work",2017-03-31,104,53
"Theater@work",2017-03-31,127,29
"Theater@work",2017-04-01,95,54
"Theater@work",2017-04-04,86,74
"Theater@work",2017-04-05,51,74
"Theater@work",2017-04-07,90,76
"TiC-Theater in Cronenberg, Wuppertal",2016-11-11,32,24
"TiC-Theater in Cronenberg, Wuppertal",2016-11-20,38,16
"TiC-Theater in Cronenberg, Wuppertal",2016-11-25,30,28
"TiC-Theater in Cronenberg, Wuppertal",2016-12-03,40,17
"TiC-Theater in Cronenberg, Wuppertal",2016-12-09,28,20
"TiC-Theater in Cronenberg, Wuppertal",2016-12-10,45,14
"TiC-Theater in Cronenberg, Wuppertal",2016-12-18,38,22
"TiC-Theater in Cronenberg, Wuppertal",2017-01-14,44,17
"TiC-Theater in Cronenberg, Wuppertal",2017-01-20,42,19
"TiC-Theater in Cronenberg, Wuppertal",2017-02-04,33,24
"TiC-Theater in Cronenberg, Wuppertal",2017-02-10,33,17
"TiC-Theater in Cronenberg, Wuppertal",2017-02-18,44,17
"Wallgraben Theater, Freiburg",2016-10-14,70,43
"Wallgraben Theater, Freiburg",2016-10-15,80,31
"Wallgraben Theater, Freiburg",2016-10-18,42,22
"Wallgraben Theater, Freiburg",2016-10-19,43,28
"Wallgraben Theater, Freiburg",2016-10-20,42,21
"Wallgraben Theater, Freiburg",2016-10-21,50,34
"Wallgraben Theater, Freiburg",2016-10-22,59,48
"Wallgraben Theater, Freiburg",2016-10-25,56,27
"Wallgraben Theater, Freiburg",2016-10-26,42,27
"Wallgraben Theater, Freiburg",2016-10-27,25,33
"Wallgraben Theater, Freiburg",2016-10-28,22,27
"Wallgraben Theater, Freiburg",2016-10-29,52,44
"Wallgraben Theater, Freiburg",2016-11-01,57,31
"Wallgraben Theater, Freiburg",2016-11-02,45,31
"Wallgraben Theater, Freiburg",2016-11-03,58,39
"Wallgraben Theater, Freiburg",2016-11-04,37,24
"Wallgraben Theater, Freiburg",2016-11-05,56,40
"Wallgraben Theater, Freiburg",2016-11-09,45,33
"Wallgraben Theater, Freiburg",2016-11-10,65,32
"Wallgraben Theater, Freiburg",2016-11-11,47,23
"Wallgraben Theater, Freiburg",2016-11-12,48,40
"Wallgraben Theater, Freiburg",2016-11-13,57,27
"Wallgraben Theater, Freiburg",2016-11-17,59,42
"Wallgraben Theater, Freiburg",2016-11-18,59,28
"Wallgraben Theater, Freiburg",2016-11-19,64,36
"Wallgraben Theater, Freiburg",2016-11-21,57,42
"Wallgraben Theater, Freiburg",2016-11-23,62,40
"Wallgraben Theater, Freiburg",2016-11-24,89,28
"Wallgraben Theater, Freiburg",2016-11-25,65,44
"Wolfgang Borchert Theater, Münster",2016-09-09,71,36
"Wolfgang Borchert Theater, Münster",2016-09-10,62,69
"Wolfgang Borchert Theater, Münster",2016-09-11,53,84
"Wolfgang Borchert Theater, Münster",2016-09-24,67,71
"Wolfgang Borchert Theater, Münster",2016-09-25,82,58
"Wolfgang Borchert Theater, Münster",2016-09-27,77,62
"Wolfgang Borchert Theater, Münster",2016-10-28,78,61
"Wolfgang Borchert Theater, Münster",2016-10-29,63,77
"Wolfgang Borchert Theater, Münster",2016-10-30,75,62
"Wolfgang Borchert Theater, Münster",2016-11-11,65,72
"Wolfgang Borchert Theater, Münster",2016-11-12,72,61
"Wolfgang Borchert Theater, Münster",2016-11-13,83,57
"Wolfgang Borchert Theater, Münster",2016-12-20,80,55
"Wolfgang Borchert Theater, Münster",2016-12-21,60,78
"Wolfgang Borchert Theater, Münster",2016-12-22,122,28
"Wolfgang Borchert Theater, Münster",2016-12-22,79,60
"Wolfgang Borchert Theater, Münster",2016-12-23,70,63
"Wolfgang Borchert Theater, Münster",2017-01-03,79,62
"Wolfgang Borchert Theater, Münster",2017-01-04,80,59
"Wolfgang Borchert Theater, Münster",2017-01-05,88,55
"Wolfgang Borchert Theater, Münster",2017-01-06,74,70
"Wolfgang Borchert Theater, Münster",2017-01-06,94,20
"Wolfgang Borchert Theater, Münster",2017-02-09,83,57
"Wolfgang Borchert Theater, Münster",2017-02-10,107,14
"Wolfgang Borchert Theater, Münster",2017-02-10,83,61
"Wolfgang Borchert Theater, Münster",2017-02-11,89,51
"Wolfgang Borchert Theater, Münster",2017-03-21,73,43
"Wolfgang Borchert Theater, Münster",2017-03-22,58,69
"Wolfgang Borchert Theater, Münster",2017-03-23,134,12
"Wolfgang Borchert Theater, Münster",2017-03-23,90,51
"Wolfgang Borchert Theater, Münster",2017-04-11,77,59
"Wolfgang Borchert Theater, Münster",2017-04-12,64,36
"Wolfgang Borchert Theater, Münster",2017-04-13,43,41
"Wolfgang Borchert Theater, Münster",2017-05-26,51,36
"Wolfgang Borchert Theater, Münster",2017-05-27,44,17
"Wolfgang Borchert Theater, Münster",2017-05-28,30,15
"Wolfgang Borchert Theater, Münster",2017-06-06,24,37
"Wolfgang Borchert Theater, Münster",2017-06-07,48,38
"Wolfgang Borchert Theater, Münster",2017-07-11,64,43
"Wolfgang Borchert Theater, Münster",2017-07-12,84,46
"Wolfgang Borchert Theater, Münster",2017-07-13,37,51
"Wolfgang Borchert Theater, Münster",2017-09-22,38,28
"Wolfgang Borchert Theater, Münster",2017-09-23,43,40
"Wolfgang Borchert Theater, Münster",2017-10-03,45,51
"Wolfgang Borchert Theater, Münster",2017-10-04,28,29
